{
    "patchScriptVersion":1,
    "data": [
        {
            "action": "importbundle",
            "actionData": {
                "originalFilePath": "DLC\\1770480\\1770480",
                "operations": [
                    {
                        "type": "import",
                        "assetType":"AudioClip",
                        "assetName": "radarLocked",
                        "assetPath": "example1.resource",
                        "offset": 1600,
                        "size": 864,
                        "length": 0.189375
                    },
                    {
                        "type": "import",
                        "assetType":"AudioClip",
                        "assetName": "ttsw_pullUp",
                        "assetPath": "example2.resource",
                        "offset": 0,
                        "size": 31104,
                        "length": 4.105465 
                    },
                                        {
                        "type": "import",
                        "assetType":"Texture2D",
                        "assetName": "rwrTexture",
                        "assetPath": "example3.assets.resS",
                        "offset": 691040,
                        "size": 691040
                    }
                ]
            }
        },
        {
            "action": "importbundle",
            "actionData": {
                "originalFilePath": "DLC\\2531290\\2531290",
                "operations": [
                    {
                        "type": "import",
                        "assetType":"AudioClip",
                        "assetName": "radarLocked",
                        "assetPath": "example1.resource",
                        "offset": 1600,
                        "size": 864,
                        "length": 0.189375
                    },
                    {
                        "type": "import",
                        "assetType":"AudioClip",
                        "assetName": "ttsw_pullUp",
                        "assetPath": "example2.resource",
                        "offset": 0,
                        "size": 31104,
                        "length": 4.105465 
                    },
                                        {
                        "type": "import",
                        "assetType":"Texture2D",
                        "assetName": "rwrTexture",
                        "assetPath": "example3.assets.resS",
                        "offset": 691040,
                        "size": 691040
                    }
                ]
            }
        },
        {
            "action": "importasset",
            "actionData": {
                "originalFilePath": "VTOLVR_Data\\resources.assets",
                "operations": [
                    {
                        "type": "import",
                        "assetType":"AudioClip",
                        "assetName": "radarLocked",
                        "assetPath": "example1.resource",
                        "offset": 1600,
                        "size": 864,
                        "length": 0.189375
                    },
                    {
                        "type": "import",
                        "assetType":"AudioClip",
                        "assetName": "ttsw_pullUp",
                        "assetPath": "example2.resource",
                        "offset": 0,
                        "size": 31104,
                        "length": 4.105465 
                    },
                                        {
                        "type": "import",
                        "assetType":"Texture2D",
                        "assetName": "rwrTexture",
                        "assetPath": "example3.assets.resS",
                        "offset": 691040,
                        "size": 691040
                    }
                ]
            }
        },
        {
            "action": "copy",
            "actionData": {
                "fileName": "assets1.resources",
                "destination": "VTOLVR_Data\\example1.resources"
            }
        },
                {
            "action": "copy",
            "actionData": {
                "fileName": "assets2.resources",
                "destination": "VTOLVR_Data\\example2.resources"
            }
        },
                {
            "action": "copy",
            "actionData": {
                "fileName": "assets3.assets.resS",
                "destination": "VTOLVR_Data\\example3.assets.resS"
            }
        }
    ]
}